<?xml version="1.0" encoding="UTF-8"?>
<!DOCTYPE mapper
        PUBLIC "-//mybatis.org//DTD Mapper 3.0//EN"
        "http://mybatis.org/dtd/mybatis-3-mapper.dtd">
<mapper namespace="com.xupt.dao_admin.AdminTestRecordDao">
    <!--结果映射-->
    <resultMap id="BaseResultMap" type="AdminUserTestRecord">
        <id column="record_id" jdbcType="INTEGER" property="record_id"/>
        <result column="nickname" jdbcType="VARCHAR" property="user_name"/>
        <result column="test_name" jdbcType="VARCHAR" property="test_name"/>
        <result column="test_result" jdbcType="VARCHAR" property="test_result"/>
        <result column="test_date" jdbcType="VARCHAR" property="test_date"/>
    </resultMap>

    <select id="getUserRecordsByUserId" resultMap="BaseResultMap">
        SELECT utd.record_id,utd.test_result,utd.test_date,u.nickname,tp.test_name FROM user_test_record utd
            LEFT OUTER JOIN user u ON utd.user_id = u.user_id
            LEFT OUTER JOIN test_paper tp ON utd.test_id = tp.test_id
            WHERE u.user_id in
        <foreach collection="array" index="index" item="item" open="(" separator="," close=")">
            #{item}
        </foreach>
    </select>

    <update id="changeRecordStatus" parameterType="int">
        update user_test_record set status = 0 where record_id=#{recordId}
    </update>
</mapper>