<?xml version="1.0" encoding="UTF-8"?>
<!DOCTYPE mapper
        PUBLIC "-//mybatis.org//DTD Mapper 3.0//EN"
        "http://mybatis.org/dtd/mybatis-3-mapper.dtd">
<mapper namespace="com.xupt.dao_admin.AdminTestPaperDao">
    <resultMap type="AdminTestPaper" id="BaseResultMap">
        <id column="test_id" jdbcType="INTEGER" property="test_id"/>
        <result column="test_type_name" jdbcType="VARCHAR" property="typeName"/>
        <result column="test_name" jdbcType="VARCHAR" property="test_name"/>
        <result column="test_num" jdbcType="INTEGER" property="test_num"/>
        <result column="picture_addr" jdbcType="VARCHAR" property="picture_addr"/>
    </resultMap>

    <resultMap type="AdminTestPaper2" id="BaseResultMap2">
        <id column="test_id" jdbcType="INTEGER" property="test_id"/>
        <result column="test_name" jdbcType="VARCHAR" property="test_name"/>
        <result column="test_num" jdbcType="INTEGER" property="test_num"/>
        <result column="test_type_id" jdbcType="INTEGER" property="typeId"/>
        <result column="picture_addr" jdbcType="VARCHAR" property="picture_addr"/>
    </resultMap>

    <resultMap type="AdminTestPaperType" id="rm">
        <id column="test_type_id" jdbcType="INTEGER" property="paper_label_id"/>
        <result column="test_type_name" jdbcType="VARCHAR" property="paper_label_name"/>
        <result column="test_type_status" jdbcType="BOOLEAN" property="paper_label_status"/>
    </resultMap>

    <select id="getTestList" parameterType="AdminPageBean" resultMap="BaseResultMap">
        SELECT t.test_id,tp.test_type_name,t.test_name,t.test_num,t.picture_addr
        FROM test_paper t
        LEFT OUTER JOIN test_paper_type tp
        ON t.test_type_id = tp.test_type_id
        <if test="start!=null and pageSize!=null">
            limit #{start},#{pageSize}
        </if>
    </select>

    <select id="getTestById" parameterType="int" resultMap="BaseResultMap2">
        select * from test_paper where test_id = #{testId}
    </select>

    <select id="getLabels" resultMap="rm">
        select * from test_paper_type where test_type_status = 1
    </select>

    <update id="editTestPaper" parameterType="AdminTestPaper2">
        update test_paper
        <set>
            <if test="test_name!=null and test_name!=''">
                test_name=#{test_name},
            </if>
            <if test="typeId!=0">
                test_type_id=#{typeId},
            </if>
            <if test="picture_addr!=null and picture_addr!=''">
                picture_addr=#{picture_addr},
            </if>
        </set>
        where test_id=#{test_id}
    </update>

    <insert id="addTestPaper" parameterType="AdminTestPaper2">
        /*insert语句之后再执行，将其插入的自增主键设置到article_id属性中*/
        <selectKey keyProperty="test_id" order="AFTER" resultType="java.lang.Integer">
            SELECT LAST_INSERT_ID()   /*得到刚insert到数据表中的记录的主键值，只适用于自增主键 */
        </selectKey>
        insert into test_paper values (null,#{typeId},#{test_name},1,#{picture_addr})
    </insert>

    <select id="searchTest" resultMap="BaseResultMap">
        SELECT t.test_id,tp.test_type_name,t.test_name,t.test_num,t.picture_addr
        FROM test_paper t
        LEFT OUTER JOIN test_paper_type tp
        ON t.test_type_id = tp.test_type_id
    </select>

    <delete id="deleteTest">
        delete from test_paper where test_id in
        <foreach collection="array" index="index" item="item" open="(" separator="," close=")">
            #{item}
        </foreach>
    </delete>

    <update id="changeLabelStatus" parameterType="int">
        update test_paper_type set test_type_status = 0 where test_type_id = #{labelId}
    </update>

    <insert id="addLable" parameterType="string">
        insert into test_paper_type values (null,#{lableName},1)
    </insert>
</mapper>