<?xml version="1.0" encoding="UTF-8"?>
<!DOCTYPE mapper PUBLIC "-//mybatis.org//DTD Mapper 3.0//EN" "http://mybatis.org/dtd/mybatis-3-mapper.dtd">
<mapper namespace="com.xupt.dao_admin.AdminFmlCommentDao">
    <resultMap type="AdminFmlComment" id="BaseResultMap">
        <id column="ml_comment_id" jdbcType="INTEGER" property="ml_comment_id"/>
        <result column="comment_id" jdbcType="VARCHAR" property="comment_id"/>
        <result column="nickname1" jdbcType="VARCHAR" property="user_one"/>
        <result column="nickname2" jdbcType="VARCHAR" property="user_two"/>
        <result column="fml_content" jdbcType="VARCHAR" property="fml_content"/>
        <result column="fml_comment_date" jdbcType="VARCHAR" property="fml_comment_date"/>
    </resultMap>

   <select id="getMoreLevelComment" parameterType="int" resultMap="BaseResultMap">
       SELECT
            r.ml_comment_id,u.comment_id,r.fml_comment_date,p1.nickname nickname1,
            p2.nickname nickname2,r.fml_content
            FROM forum_comment u
            RIGHT JOIN fml_comment r ON u.comment_id=r.comment_id
            LEFT JOIN user p1 ON p1.user_id=r.user_one
            LEFT JOIN user p2 ON p2.user_id=r.user_two
            WHERE u.forum_id = #{forumId}
   </select>

    <delete id="deleteMoreLevelComment" parameterType="int">
        DELETE FROM fml_comment WHERE ml_comment_id = #{commentId}
    </delete>
</mapper>