<?xml version="1.0" encoding="UTF-8"?>
<beans
	xmlns="http://www.springframework.org/schema/beans"
	xmlns:xsi="http://www.w3.org/2001/XMLSchema-instance"
	xmlns:p="http://www.springframework.org/schema/p"
	xsi:schemaLocation="http://www.springframework.org/schema/beans http://www.springframework.org/schema/beans/spring-beans-3.1.xsd">

    <bean id="UserService" class="hm.lc.LoginService.impUserService">
    <property name="userdao" ref="userdao"></property>
   
    </bean> 
    <!-- 利用set方法将sessionFactory注入进去 -->   
    <bean id="userdao" class="hm.lc.LoginService.impUserDao">
   <property name="sessionFactory" ref="sessionFactory"></property>
    </bean> 
   
    
	 <bean id="dataSource"
		class="org.apache.commons.dbcp.BasicDataSource">
		<property name="driverClassName"
			value="com.mysql.jdbc.Driver">
		</property>
		<property name="url"
			value="jdbc:mysql://localhost:3306/android">
		</property>
		<property name="username" value="root"></property>
		<property name="password" value="092248"></property>
	</bean>
	
	
	<!-- 对连接数据的连接 -->
	<bean id="sessionFactory"
		class="org.springframework.orm.hibernate3.LocalSessionFactoryBean">
		<property name="dataSource">
			<ref bean="dataSource" />
		</property>
 <property name="hibernateProperties"> 
  <props>
  <prop key="hibernate.dialect"> org.hibernate.dialect.SQLServerDialect </prop> 
  <prop key="hibernate.show_sql">true</prop>
  <prop key="hibernate.format_sql">true</prop>
   </props>
  </property>
		<!-- 添加hbm关联 -->
		<property name="mappingResources">
		<list>
		<value>user.hbm.xml</value>
		
		</list>
		</property>
	</bean>
	
	
	
	
	
	
	
	
	
	
	
	
	
	
	
	
	
</beans>