<?xml version="1.0" encoding="UTF-8"?>
<!DOCTYPE mapper PUBLIC "-//mybatis.org//DTD Mapper 3.0//EN" "http://mybatis.org/dtd/mybatis-3-mapper.dtd">
<mapper namespace="com.luo.producer.dao.UserPojoMapper">
  <resultMap id="BaseResultMap" type="com.luo.producer.entity.UserPojo">
    <id column="id" jdbcType="VARCHAR" property="id" />
    <result column="name" jdbcType="VARCHAR" property="name" />
    <result column="msg" jdbcType="VARCHAR" property="msg" />
  </resultMap>
  <sql id="Base_Column_List">
    id, name, msg
  </sql>
  <select id="selectByPrimaryKey" parameterType="java.lang.String" resultMap="BaseResultMap">
    select
    <include refid="Base_Column_List" />
    from sys_user
    where id = #{id,jdbcType=VARCHAR}
  </select>
  <delete id="deleteByPrimaryKey" parameterType="java.lang.String">
    delete from sys_user
    where id = #{id,jdbcType=VARCHAR}
  </delete>
  <insert id="insert" parameterType="com.luo.producer.entity.UserPojo">
    insert into sys_user (id, name, msg
      )
    values (#{id,jdbcType=VARCHAR}, #{name,jdbcType=VARCHAR}, #{msg,jdbcType=VARCHAR}
      )
  </insert>

  <update id="updateByPrimaryKey" parameterType="com.luo.producer.entity.UserPojo">
    update sys_user
    set name = #{name,jdbcType=VARCHAR},
      msg = #{msg,jdbcType=VARCHAR}
    where id = #{id,jdbcType=VARCHAR}
  </update>
</mapper>