<?xml version="1.0" encoding="UTF-8"?>  
<beans xmlns="http://www.springframework.org/schema/beans"  
    xmlns:xsi="http://www.w3.org/2001/XMLSchema-instance" xmlns:context="http://www.springframework.org/schema/context"  
    xmlns:aop="http://www.springframework.org/schema/aop" xmlns:tx="http://www.springframework.org/schema/tx"  
    xmlns:mvc="http://www.springframework.org/schema/mvc"  
    xsi:schemaLocation="  
                    http://www.springframework.org/schema/beans   
                    http://www.springframework.org/schema/beans/spring-beans-3.2.xsd    
                    http://www.springframework.org/schema/context    
                    http://www.springframework.org/schema/context/spring-context-3.2.xsd    
                    http://www.springframework.org/schema/tx   
                    http://www.springframework.org/schema/tx/spring-tx-3.2.xsd  
                    http://www.springframework.org/schema/mvc   
                    http://www.springframework.org/schema/mvc/spring-mvc-3.2.xsd  
                    http://www.springframework.org/schema/aop   
                    http://www.springframework.org/schema/aop/spring-aop-3.2.xsd"  
    default-autowire="byName">  

    <!-- 配置数据源 -->
	 <bean id="dataSource"
		class="org.apache.commons.dbcp.BasicDataSource">
		<property name="driverClassName"
			value="com.mysql.jdbc.Driver">
		</property>
		<property name="url"
			value="jdbc:mysql://localhost:3306/android">
		</property>
		<property name="username" value="root"></property>
		<property name="password" value="092248"></property>
	</bean>
	
	
    <!--配置工厂， 创建SqlSessionFactoryBean，同时指定数据源   
        ref="dataSource" ：指定的是数据源中的id  
    -->  
    <bean id="sqlSessionFactory"  class="org.mybatis.spring.SqlSessionFactoryBean">  
        <property name="dataSource" ref="dataSource"></property>  
        <property name="mapperLocations" >
        
        
        <list>
		<value>classpath*:BookMapper.xml</value>
		<value>classpath*:UserMapper.xml</value>
		</list>
        
        </property>  
        
    </bean>    
       
    <!-- 配置MapperScannerConfigurer   
        value="sqlSessionFactory"指定的是Session工厂的id  
    -->  
    <bean class="org.mybatis.spring.mapper.MapperScannerConfigurer">  
        <property name="sqlSessionFactoryBeanName" value="sqlSessionFactory"></property>  
        <property name="basePackage" value="hm.lc.Dao"></property>  
    </bean>  
      
    

     <!-- 将Spring mvc整合在这里 -->

	 <!-- 配置组件扫描器，使用注解方式开发,不用配置dao和service -->
     <!-- 在springmvc.xml文件中也可以配置这个属性 -->  
     <context:component-scan base-package="hm.lc"/>
	  
    <!-- 开启RequestMapping 注解 -->  
    <mvc:annotation-driven /> 
	
	
	<!-- 对静态资源文件的访问  方案一 （二选一） -->  
    <mvc:default-servlet-handler/>  
      
    <!-- 对静态资源文件的访问  方案二 （二选一）-->  
    <mvc:resources mapping="/images/**" location="/images/" cache-period="31556926"/>  
    <mvc:resources mapping="/js/**" location="/js/" cache-period="31556926"/>  
    <mvc:resources mapping="/css/**" location="/css/" cache-period="31556926"/>  
	
	
	
	
	
	
	
	
	
</beans>