<?xml version="1.0" encoding="UTF-8" ?>  
<!DOCTYPE mapper PUBLIC "-//mybatis.org//DTD Mapper 3.0//EN"   
"http://mybatis.org/dtd/mybatis-3-mapper.dtd" >  
<mapper namespace="hm.lc.Dao.UserDao"> 


<!-- 在这里写查询语句 -->


  <!-- if的用法       id为方法名      参数类型Condition自己自定义     #{直接写就行属性} 会自动进行调用 -->  
  <select id="login" resultType="hm.lc.Bean.User" parameterType="hm.lc.Dao.Condition">  
    select * from tb_user 
     <where>  
        <if test="name !=null">  
            and name=#{name}  
        </if>  
        <if test="password!=null">  
            and password=#{password}  
        </if>  
    </where>   
  </select>  

  <insert id="add"  parameterType="hm.lc.Bean.User" useGeneratedKeys="true" keyProperty="name">  
        insert into `tb_user`(name,password,location) values (#{name},#{password},#{location})  
  </insert> 



</mapper>  