<?xml version="1.0" encoding="UTF-8"?>
<beans xmlns:xsi="http://www.w3.org/2001/XMLSchema-instance" xmlns="http://www.springframework.org/schema/beans"
       xmlns:context="http://www.springframework.org/schema/context" xmlns:mvc="http://www.springframework.org/schema/mvc"
       xmlns:aop="http://www.springframework.org/schema/aop"
       xsi:schemaLocation="http://www.springframework.org/schema/mvc http://www.springframework.org/schema/mvc/spring-mvc.xsd
	http://www.springframework.org/schema/beans http://www.springframework.org/schema/beans/spring-beans.xsd
	http://www.springframework.org/schema/context http://www.springframework.org/schema/context/spring-context.xsd
	http://www.springframework.org/schema/aop http://www.springframework.org/schema/aop/spring-aop-4.0.xsd">

    <!-- 用户自定义线程池 -->
    <bean id="myUserExecutor" class="org.springframework.scheduling.concurrent.ThreadPoolTaskExecutor">
        <!-- 线程池维护线程的最少数量 -->
        <property name="corePoolSize" value="1" />
        <!-- 允许的空闲时间 -->
        <property name="keepAliveSeconds" value="200" />
        <!-- 线程池维护线程的最大数量 -->
        <property name="maxPoolSize" value="5" />
        <!-- 缓存队列 -->
        <property name="queueCapacity" value="2000" />
        <!-- 对拒绝task的处理策略 -->
        <property name="rejectedExecutionHandler">
            <bean class="java.util.concurrent.ThreadPoolExecutor$CallerRunsPolicy" />
        </property>
    </bean>


</beans>