<?xml version="1.0" encoding="UTF-8"?>
<!DOCTYPE mapper PUBLIC "-//mybatis.org//DTD Mapper 3.0//EN" "http://mybatis.org/dtd/mybatis-3-mapper.dtd">
<mapper namespace="com.xupt.dao_user.AmlCommentDao">
	<resultMap type="AmlComment" id="BaseResultMap">
		<id column="ml_comment_id" jdbcType="INTEGER" property="id"/>
		<result column="comment_id" jdbcType="INTEGER" property="comment_id"/>
		<result column="user_one" jdbcType="INTEGER" property="user_one"/>
		<result column="user_two" jdbcType="INTEGER" property="user_two"/>
		<result column="aml_content" jdbcType="VARCHAR" property="aml_content"/>
		<result column="aml_comment_date" jdbcType="VARCHAR" property="aml_comment_date"/>
	</resultMap>
	
	<!-- 为dao接口方法提供sql语句设置 -->
	<insert id="commitComment" parameterType="AmlComment">
		insert into aml_comment values(null,#{comment_id},#{user_one},#{user_two},#{aml_content},#{aml_comment_date})
	</insert>
</mapper>
