<?xml version="1.0" encoding="UTF-8"?>
<!DOCTYPE mapper PUBLIC "-//mybatis.org//DTD Mapper 3.0//EN" "http://mybatis.org/dtd/mybatis-3-mapper.dtd">
<mapper namespace="com.xupt.dao_user.FmlCommentDao">
	<resultMap type="FmlComment" id="FmlResultMap">
		<id column="ml_comment_id" jdbcType="INTEGER" property="id"/>
		<result column="comment_id" jdbcType="VARCHAR" property="comment_id"/>
		<result column="user_one" jdbcType="VARCHAR" property="user_one"/>
		<result column="user_two" jdbcType="INTEGER" property="user_two"/>
		<result column="fml_content" jdbcType="VARCHAR" property="fml_content"/>
		<result column="fml_comment_date" jdbcType="VARCHAR" property="fml_comment_date"/>
	</resultMap>
	
	<!-- 为dao接口方法提供sql语句设置 -->
	<insert id="commitComment" parameterType="FmlComment">
		insert into fml_comment values(null,#{comment_id},#{user_one},#{user_two},#{fml_content},#{fml_comment_date})
	</insert>
</mapper>
