<?xml version="1.0" encoding="UTF-8"?>
<!DOCTYPE mapper PUBLIC "-//mybatis.org//DTD Mapper 3.0//EN" "http://mybatis.org/dtd/mybatis-3-mapper.dtd">
<mapper namespace="com.xupt.dao_user.TestAnswerDao">
	<resultMap type="TestAnswer" id="BaseResultMap">
		<id column="answer_id" jdbcType="INTEGER" property="answer_id"/>
		<result column="test_id" jdbcType="INTEGER" property="test_id"/>
		<result column="region_one" jdbcType="VARCHAR" property="region_one"/>
		<result column="region_two" jdbcType="VARCHAR" property="region_two"/>
		<result column="region_three" jdbcType="VARCHAR" property="region_three"/>
	</resultMap>
	
	<!-- 为dao接口方法提供sql语句设置 -->
	<select id="getResultByPaperId" resultMap="BaseResultMap">
		select * from test_answer where test_id=#{test_id}
	</select>
</mapper>
