<?xml version="1.0" encoding="UTF-8"?>
<!DOCTYPE mapper PUBLIC "-//mybatis.org//DTD Mapper 3.0//EN" "http://mybatis.org/dtd/mybatis-3-mapper.dtd">
<mapper namespace="com.xupt.dao_user.TestTitleDao">
	<resultMap type="TestTitle" id="BaseResultMap">
		<id column="title_id" jdbcType="INTEGER" property="title_id"/>
		<result column="test_id" jdbcType="INTEGER" property="test_id"/>
		<result column="title_name" jdbcType="VARCHAR" property="title_name"/>
		<result column="choose_one" jdbcType="VARCHAR" property="choose_one"/>
		<result column="choose_two" jdbcType="VARCHAR" property="choose_two"/>
		<result column="choose_three" jdbcType="VARCHAR" property="choose_three"/>
		<result column="choose_four" jdbcType="VARCHAR" property="choose_four"/>
	</resultMap>
	
	<!-- 为dao接口方法提供sql语句设置 -->
	<select id="getQuestionByPaperId" resultMap="BaseResultMap">
		select * from test_title where test_id=#{test_id}
	</select>
</mapper>
